,ridge,lasso,elastic,lars,rbf,lin_svm,rand_for
spearman correlation,0.20935750592780417,0.10766982783223375,0.1560154816149947,-0.005597785856459016,0.22524180036048574,0.20993818398870134,0.14154698337477156
spearman pval,0.00028464081380737464,0.10632096906204438,0.006047612878427871,0.5841135230649335,0.00015750804964459873,0.0002801337767041912,0.046043522673330436
pearson correlation,0.293619438933836,0.2235681244285237,0.29165753467078714,-0.005118933673871738,0.35223466665184133,0.29700388876200134,0.23272622971536422
pearson pval,3.759954177574621e-07,0.0021809049203359884,4.5893786723049667e-07,0.48753571090926917,1.9887576675519154e-10,2.576668051034323e-07,0.0004300828438021996
